Bandar,Negeri,,,
Johor Bahru,Johor,,,
Tebrau,Johor,,,
Pasir Gudang,Johor,,,
Bukit Indah,Johor,,,
Skudai,Johor,,,
Kluang,Johor,,,
Batu Pahat,Johor,,,
Muar,Johor,,,
Ulu Tiram,Johor,,,
Senai,Johor,,,
Segamat,Johor,,,
Kulai,Johor,,,
Kota Tinggi,Johor,,,
Pontian Kechil,Johor,,,
Tangkak,Johor,,,
Bukit Bakri,Johor,,,
Yong Peng,Johor,,,
Pekan Nenas,Johor,,,
Labis,Johor,,,
Mersing,Johor,,,
Simpang Renggam,Johor,,,
Parit Raja,Johor,,,
Kelapa Sawit,Johor,,,
Buloh Kasap,Johor,,,
Chaah,Johor,,,
Sungai Petani,Kedah,,,
Alor Setar,Kedah,,,
Kulim,Kedah,,,
Jitra /,Kedah,,,
Baling,Kedah,,,
Pendang,Kedah,,,
Langkawi,Kedah,,,
Yan,Kedah,,,
Sik,Kedah,,,
Kuala Nerang,Kedah,,,
Pokok Sena,Kedah,,,
Bandar Baharu,Kedah,,,
Kota Bharu,Kelantan,,,
Pengkalan Kubor,Kelantan,,,
Tanah Merah,Kelantan,,,
Peringat,Kelantan,,,
Wakaf Bharu,Kelantan,,,
Kadok,Kelantan,,,
Pasir Mas,Kelantan,,,
Gua Musang,Kelantan,,,
Kuala Krai,Kelantan,,,
Tumpat,Kelantan,,,
Bandaraya Melaka,Melaka,,,
Bukit Baru,Melaka,,,
Ayer Keroh,Melaka,,,
Klebang,Melaka,,,
Masjid Tanah,Melaka,,,
Sungai Udang,Melaka,,,
Batu Berendam,Melaka,,,
Alor Gajah,Melaka,,,
Bukit Rambai,Melaka,,,
Ayer Molek,Melaka,,,
Bemban,Melaka,,,
Kuala Sungai Baru,Melaka,,,
Pulau Sebang,Melaka,,,
Seremban,Negeri Sembilan,,,
Port Dickson,Negeri Sembilan,,,
Nilai,Negeri Sembilan,,,
Bahau,Negeri Sembilan,,,
Tampin,Negeri Sembilan,,,
Kuala Pilah,Negeri Sembilan,,,
Kuantan,Pahang,,,
Temerloh,Pahang,,,
Bentong,Pahang,,,
Mentakab,Pahang,,,
Raub,Pahang,,,
Jerantut,Pahang,,,
Pekan,Pahang,,,
Kuala Lipis,Pahang,,,
Bandar Jengka,Pahang,,,
Bukit Tinggi,Pahang,,,
Ipoh,Perak,,,
Taiping,Perak,,,
Sitiawan,Perak,,,
Simpang Empat,Perak,,,
Teluk Intan,Perak,,,
Batu Gajah,Perak,,,
Lumut,Perak,,,
Kampung Koh,Perak,,,
Kuala Kangsar,Perak,,,
Sungai Siput,Perak,,,
Tapah,Perak,,,
Bidor,Perak,,,
Parit Buntar,Perak,,,
Ayer Tawar,Perak,,,
Bagan Serai,Perak,,,
Tanjung Malim,Perak,,,
Lawan Kuda Baharu,Perak,,,
Pantai Remis,Perak,,,
Kampar,Perak,,,
Kampung Gajah,Perak,,,
Kangar,Perlis,,,
Arau,Perlis,,,
Padang Besar,Perlis,,,
Bukit Mertajam,Pulau Pinang,,,
Georgetown,Pulau Pinang,,,
Sungai Ara,Pulau Pinang,,,
Gelugor,Pulau Pinang,,,
Air Itam,Pulau Pinang,,,
Butterworth,Pulau Pinang,,,
Perai,Pulau Pinang,,,
Nibong Tebal,Pulau Pinang,,,
Permatang Pauh,Pulau Pinang,,,
Tanjung Tokong,Pulau Pinang,,,
Kepala Batas,Pulau Pinang,,,
Tanjung Bungah,Pulau Pinang,,,
Juru,Pulau Pinang,,,
Kota Kinabalu,Sabah,,,
Sandakan,Sabah,,,
Tawau,Sabah,,,
Lahad Datu,Sabah,,,
Keningau,Sabah,,,
Putatan,Sabah,,,
Donggongon,Sabah,,,
Semporna,Sabah,,,
Kudat,Sabah,,,
Kunak,Sabah,,,
Papar,Sabah,,,
Ranau,Sabah,,,
Beaufort,Sabah,,,
Kinarut,Sabah,,,
Kota Belud,Sabah,,,
Kuching,Sarawak,,,
Miri,Sarawak,,,
Sibu,Sarawak,,,
Bintulu,Sarawak,,,
Limbang,Sarawak,,,
Sarikei,Sarawak,,,
Sri Aman,Sarawak,,,
Kapit,Sarawak,,,
Batu Delapan Bazaar,Sarawak,,,
Kota Samarahan,Sarawak,,,
Subang Jaya,Selangor,,,
Klang,Selangor,,,
Ampang Jaya,Selangor,,,
Shah Alam,Selangor,,,
Petaling Jaya,Selangor,,,
Cheras,Selangor,,,
Kajang,Selangor,,,
Selayang,Selangor,,,
Rawang,Selangor,,,
Taman Greenwood,Selangor,,,
Semenyih,Selangor,,,
Banting,Selangor,,,
Balakong,Selangor,,,
Gombak Setia,Selangor,,,
Kuala Selangor,Selangor,,,
Serendah,Selangor,,,
Bukit Beruntung,Selangor,,,
Pengkalan Kundang,Selangor,,,
Jenjarom,Selangor,,,
Sungai Besar,Selangor,,,
Batu Arang,Selangor,,,
Tanjung Sepat,Selangor,,,
Kuang,Selangor,,,
Kuala Kubu Baharu,Selangor,,,
Batang Berjuntai,Selangor,,,
"Bandar Baru SalakTinggi",Selangor,,,
Sekinchan,Selangor,,,
Sabak,Selangor,,,
Tanjung Karang,Selangor,,,
Beranang,Selangor,,,
Sungai Pelek,Selangor,,,
Kuala Terengganu,Terengganu,,,
Chukai,Terengganu,,,
Dungun,Terengganu,,,
Kerteh,Terengganu,,,
Kuala Berang,Terengganu,,,
Marang,Terengganu,,,
Paka,Terengganu,,,
Jerteh,Terengganu,,,
Kuala Lumpur,Wilayah Persekutuan,,,
Labuan,Wilayah Persekutuan,,,
Putrajaya,Wilayah Persekutuan,,,
