Daerah,Negeri
Johor Bahru,Johor Darul Takzim
Batu Pahat,Johor Darul Takzim
Kluang,Johor Darul Takzim
Kulai,Johor Darul Takzim
Muar,Johor Darul Takzim
Kota Tinggi,Johor Darul Takzim
Segamat,Johor Darul Takzim
Pontian,Johor Darul Takzim
Tangkak,Johor Darul Takzim
Mersing,Johor Darul Takzim
Sungai Petani,Kedah Darul Aman
Alor Setar,Kedah Darul Aman
Kulim,Kedah Darul Aman
Kubang Pasu,Kedah Darul Aman
Baling,Kedah Darul Aman
Pendang,Kedah Darul Aman
Langkawi,Kedah Darul Aman
Yan,Kedah Darul Aman
Sik,Kedah Darul Aman
Padang Terap,Kedah Darul Aman
Pokok Sena,Kedah Darul Aman
Bandar Baharu,Kedah Darul Aman
Kota Bharu,Kelantan Darul Naim
Pasir Mas,Kelantan Darul Naim
Tumpat,Kelantan Darul Naim
Bachok,Kelantan Darul Naim
Tanah Merah,Kelantan Darul Naim
Pasir Puteh,Kelantan Darul Naim
Kuala Krai,Kelantan Darul Naim
Machang,Kelantan Darul Naim
Gua Musang,Kelantan Darul Naim
Jeli,Kelantan Darul Naim
Lojing,Kelantan Darul Naim
Melaka Tengah,Melaka
Alor Gajah,Melaka
Jasin,Melaka
Seremban,Negeri Sembilan Darul Khusus
Jempol,Negeri Sembilan Darul Khusus
Port Dickson,Negeri Sembilan Darul Khusus
Tampin,Negeri Sembilan Darul Khusus
Kuala Pilah,Negeri Sembilan Darul Khusus
Rembau,Negeri Sembilan Darul Khusus
Jelebu,Negeri Sembilan Darul Khusus
Kuantan,Pahang Darul Makmur
Temerloh,Pahang Darul Makmur
Bentong,Pahang Darul Makmur
Maran,Pahang Darul Makmur
Rompin,Pahang Darul Makmur
Pekan,Pahang Darul Makmur
Bera,Pahang Darul Makmur
Raub,Pahang Darul Makmur
Jerantut,Pahang Darul Makmur
Lipis,Pahang Darul Makmur
Cameron Highlands,Pahang Darul Makmur
Kinta,Perak Darul Ridzuan
"Larut, Matang dan Selama",Perak Darul Ridzuan
Manjung,Perak Darul Ridzuan
Hilir Perak,Perak Darul Ridzuan
Kerian,Perak Darul Ridzuan
Batang Padang,Perak Darul Ridzuan
Kuala Kangsar,Perak Darul Ridzuan
Perak Tengah,Perak Darul Ridzuan
Hulu Perak,Perak Darul Ridzuan
Kampar,Perak Darul Ridzuan
Muallim,Perak Darul Ridzuan
Bagan Datuk,Perak Darul Ridzuan
Perlis,Perlis Indera Kayangan
Timur Laut Pulau Pinang,Pulau Pinang
Seberang Perai Tengah,Pulau Pinang
Seberang Perai Utara,Pulau Pinang
Barat Daya Pulau Pinang,Pulau Pinang
Seberang Perai Selatan,Pulau Pinang
Kota Kinabalu,Sabah
Tawau,Sabah
Sandakan,Sabah
Lahad Datu,Sabah
Keningau,Sabah
Kinabatangan,Sabah
Semporna,Sabah
Papar,Sabah
Penampang,Sabah
Beluran,Sabah
Tuaran,Sabah
Ranau,Sabah
Kota Belud,Sabah
Kudat,Sabah
Kota Marudu,Sabah
Beaufort,Sabah
Kunak,Sabah
Tenom,Sabah
Putatan,Sabah
Pitas,Sabah
Tambunan,Sabah
Tongod,Sabah
Sipitang,Sabah
Nabawan,Sabah
Kuala Penyu,Sabah
Kuching,Sarawak
Miri,Sarawak
Sibu,Sarawak
Bintulu,Sarawak
Serian,Sarawak
Kota Samarahan,Sarawak
Sri Aman,Sarawak
Marudi,Sarawak
Betong,Sarawak
Sarikei,Sarawak
Kapit,Sarawak
Bau,Sarawak
Limbang,Sarawak
Saratok,Sarawak
Mukah,Sarawak
Simunjan,Sarawak
Lawas,Sarawak
Belaga,Sarawak
Lundu,Sarawak
Asajaya,Sarawak
Daro,Sarawak
Tatau,Sarawak
Maradong,Sarawak
Kanowit,Sarawak
Lubok Antu,Sarawak
Selangau,Sarawak
Song,Sarawak
Dalat,Sarawak
Matu,Sarawak
Julau,Sarawak
Pakan,Sarawak
Tanjung Manis,Sarawak
Bukit Mabong,Sarawak
Telang Usan,Sarawak
Tebedu,Sarawak
Subis,Sarawak
Sebauh,Sarawak
Marudi,Sarawak
Beluru,Sarawak
Kabong,Sarawak
Gedong,Sarawak
Siburan,Sarawak
Pantu,Sarawak
Lingga,Sarawak
Sebuyau,Sarawak
Petaling,Selangor Darul Ehsan
Hulu Langat,Selangor Darul Ehsan
Klang,Selangor Darul Ehsan
Gombak,Selangor Darul Ehsan
Kuala Langat,Selangor Darul Ehsan
Sepang,Selangor Darul Ehsan
Kuala Selangor,Selangor Darul Ehsan
Hulu Selangor,Selangor Darul Ehsan
Sabak Bernam,Selangor Darul Ehsan
Kuala Terengganu,Terengganu Darul Iman
Kemaman,Terengganu Darul Iman
Dungun,Terengganu Darul Iman
Besut,Terengganu Darul Iman
Marang,Terengganu Darul Iman
Hulu Terengganu,Terengganu Darul Iman
Setiu,Terengganu Darul Iman
Kuala Nerus,Terengganu Darul Iman
Kuala Lumpur,Wilayah Persekutuan
Labuan,Wilayah Persekutuan
Putrajaya,Wilayah Persekutuan
